ME10 ME11
CSS1 DUE-UAAP-P1
DON1 DUE-REG-P3
CRCPRINT CHI-SANG
FOOTNOTE HEADING
ATOPRINTER ATOPRINTER2
TAHA MEF2
MECHPRNT100 MEC5
ADD5 DUE-ADM-ADD5
WEED DUE-ADM-WEED
SSC4 DUE-SFS-SSC4
SSC3 DUE-SFS-BUR4
P192 SMG
B7-303 B09-235A
MEC9 NANO9
M09-554 M07-301


CHP1 CHP1
CHP2 CHP2
FDRLCOLOR FDRLCOLOR
AAFO AAFO
BRIT BRIT
PRINTER-5331 PRINTER-5331
BJE BJE
CSG1 CSG1
LIBCOPY04 LIBCOPY04
DCM16-868-1 DCM16-868-1
KLI KLI
NIKI NIKI
COPIER56-787 COPIER56-787
MRL-PRINTER MRL-PRINTER
HQP-COLOR HQP-COLOR
IRIS IRIS
SCHLAU-COHEN-PRINTER SCHLAU-COHEN-PRINTER
CASE CASE
CUKE CUKE
SPBELL-PRINTER SPBELL-PRINTER
GEM1 GEM1
CHUK CHUK
PIGMENT PIGMENT
LHQS LHQS
LITTLETONCOLOR LITTLETONCOLOR
XU5 XU5
LITTLETON-LABPRINT1 LITTLETON-LABPRINT1
AHQ1 AHQ1
CST CST
P07-433 P07-433
PP41 PP41
PHY2 PHY2
CADMIUM CADMIUM
SMAP SMAP
BARK BARK
CAO8 CAO8
PAY4 PAY4
EMCC-PRINTER EMCC-PRINTER